1,2,3,4,5,6,7,8,9,10,11,12,13,14,15,16,17,18,19,20,21,22,23
"Trump’s Pick Brett Kavanaugh to Keep Republican-Appointed Majority on Supreme Court, 48 Years Running",Donald Trump’s court pick is a Republican stalwart,Trump nominates Brett Kavanaugh to replace the retiring Justice Anthony Kennedy on the Supreme Court,"Kavanaugh Resembles Roberts, But They’re Hardly Clones",Trump picks Brett Kavanaugh for the Supreme Court: NBC News,President Trump Chooses Brett Kavanaugh for Supreme Court Vacancy,Trump picks conservative judge Kavanaugh for Supreme Court,Washington insider Kavanaugh boasts conservative credentials,Trump nominates conservative Kavanaugh to Supreme Court,Will Trump get a third supreme court pick?,What you need to know about Trump’s Supreme Court nominee Brett Kavanaugh,Trump invited these red-state Democrats to his Supreme Court announcement. They all said no,Kavanaugh paper chase threatens to draw out confirmation battle,Supreme Court nominee has been a foe of emissions rules,Who Is Brett Kavanaugh?,"Brett Kavanaugh, Trump's Potential Supreme Court Nominee, Is No Friend to Net Neutrality",Judge Brett Kavanaugh: In His Own Words,Trump names Kavanaugh for US Supreme Court,The Test for Judge Kavanaugh,Trump Nominates Brett ­Kavanaugh for the U.S. Supreme Court,Outside Groups Plan Costly Campaigns For—or Against—Supreme Court Nominee Brett Kavanaugh,Watch: Trump announces next Supreme Court nominee,Brett Kavanaugh Has Shown Deep Skepticism of Regulatory State
Rescuers begin 'challenging' final push to free last five from Thai cave,"Divers Rescue Four More Boys From Thai Cave, Bringing Total to Eight",Cave rescue enters day three,Thai boys rescued from a cave have seen their family through glass windows and will need to stay in hospital for at least 1 week,"Officials say Thailand's rescued boys in good health, hungry",Thai cave rescue: Divers prepare to resume phase 3  -- live updates,Elon Musk sends an 'escape pod' to help in Thailand cave rescue,Last five trapped in Thai cave will be brought out 'at the same time': rescue chief,'No kid has cave dived like this before',Cave divers ready to rescue last five,,,,,,,,,,,,,
PM to meet new cabinet amid Brexit turmoil,Boris Johnson quits as pressure on Theresa May mounts,May Fights to Contain Brexit Crisis After Key Ministers Quit,Resignations Over May’s Brexit Plan Throw U.K. Government Into Turmoil,Boris goes,Theresa May now faces the second Battle of Brexit,Meet Dominic Raab: the new Brexit boss,The Latest: May loyalist named UK’s new foreign secretary,,,,,,,,,,,,,,,
Microsoft's $399 Surface Go hits most of the right notes to compete with the iPad and Chromebooks,Microsoft’s Surface Go tablet has a 10-inch screen and starts at $399,"Microsoft Debuts $399 Surface Go Tablet, Taking on Cheaper iPads",,,,,,,,,,,,,,,,,,,,
Timeline: Reuters journalists detained in Myanmar,Myanmar court files secrets act charges against Reuters reporters,Factbox: International reaction to charges against Reuters reporters in Myanmar,,,,,,,,,,,,,,,,,,,,
TD Speeds Up Junior Bankers' Promotions to Attract Young Talent,TD Bank speeds up junior bankers’ promotions to attract and keep young talent,,,,,,,,,,,,,,,,,,,,,
"Shell Ramps Up in Kitimat, Raising Canada’s $30 Billion LNG Hopes",‘I would put money on it’: LNG Canada dreams closer to coming true as Shell ramps up in Kitimat,,,,,,,,,,,,,,,,,,,,,
Uighur children fall victim to China anti-terror drive,More than 50 separated children to be reunited with parents Tuesday,,,,,,,,,,,,,,,,,,,,,
Starbucks says goodbye to plastic straws,Starbucks to Eliminate Plastic Straws by 2020,,,,,,,,,,,,,,,,,,,,,
"American steaks, German cars emerge as early victims in U.S.-China trade war",Tesla hikes prices in China as trade war hits carmakers,,,,,,,,,,,,,,,,,,,,,
Amazon as a value stock?: Why the $840-billion company’s shares are surprisingly cheap,Amazon is increasingly tying Whole Foods to its Prime service – and it could be the gateway to $1 trillion,,,,,,,,,,,,,,,,,,,,,
That Giant Sucking Sound is Post-Brexit London Losing Out,,,,,,,,,,,,,,,,,,,,,,
Luxury-Home Sales Plunge in Pricey Canada Markets as Rules Bite,,,,,,,,,,,,,,,,,,,,,,
Mueller Seeks to Bar Manafort ‘Selective Prosecution’ Argument,,,,,,,,,,,,,,,,,,,,,,
Alberta Premier Says Province Likely to Buy Trans Mountain Stake,,,,,,,,,,,,,,,,,,,,,,
Judge rejects Trump request for long-term detention of immigrant children,,,,,,,,,,,,,,,,,,,,,,
Erdogan names son-in-law to lead Turkey’s finance ministry,,,,,,,,,,,,,,,,,,,,,,
Poland refuses more concessions on judicial reform despite EU ire,,,,,,,,,,,,,,,,,,,,,,
Germany heads for political dogfight over replacing the Tornado,,,,,,,,,,,,,,,,,,,,,,
Trump and Putin: inside the muddled American policy on Russia,,,,,,,,,,,,,,,,,,,,,,
‘Big four’ paid millions to advise Brussels on tax policy,,,,,,,,,,,,,,,,,,,,,,
What are “predatory” academic journals?,,,,,,,,,,,,,,,,,,,,,,
London has excellent universities—but unhappy students,,,,,,,,,,,,,,,,,,,,,,
Our second week of essays on transgender identities,,,,,,,,,,,,,,,,,,,,,,
Jean-Louis Tauran opposed the Gulf war and mended fences with Islam,,,,,,,,,,,,,,,,,,,,,,
Why bitcoin uses so much energy,,,,,,,,,,,,,,,,,,,,,,
North Korea presents nuclear disarmament’s biggest challenge yet,,,,,,,,,,,,,,,,,,,,,,
Culture and the labour market keep India’s women at home,,,,,,,,,,,,,,,,,,,,,,
Our essay competitions for young people,,,,,,,,,,,,,,,,,,,,,,
Former Goldman Banker Is in Plea Talks Over Malaysian 1MDB Scandal,,,,,,,,,,,,,,,,,,,,,,
"China’s economic reform is falling short — and patience is growing thin, says EU report",,,,,,,,,,,,,,,,,,,,,,
"NATO, the Queen, Putin and some golf – Trump has a busy week coming up",,,,,,,,,,,,,,,,,,,,,,
"Fearful of allergies, Southwest will stop serving peanuts on board",,,,,,,,,,,,,,,,,,,,,,
These senators will make or break Trump's Supreme Court nominee,,,,,,,,,,,,,,,,,,,,,,
CSA maps out higher-tech surveillance plan,,,,,,,,,,,,,,,,,,,,,,
"Canadian broadcasting industry shrank in 2017, CRTC reports",,,,,,,,,,,,,,,,,,,,,,
One billion share issuance weighs on Enbridge,,,,,,,,,,,,,,,,,,,,,,
Barrick forges closer ties with Chinese partner in bid to revive South American mine,,,,,,,,,,,,,,,,,,,,,,
Cannabis grower Tilray valued at up to US$1.5 billion for Nasdaq IPO,,,,,,,,,,,,,,,,,,,,,,
"Greyhound Canada to end service in Prairies, B.C., eliminating 415 jobs — and leaving small towns in the lurch",,,,,,,,,,,,,,,,,,,,,,
BARCLAYS: Here are the 4 biggest risks to the Netflix story (NFLX),,,,,,,,,,,,,,,,,,,,,,
'This next year will ... feel like childbirth': HBO's new corporate overlord warns employees to expect a tough year,,,,,,,,,,,,,,,,,,,,,,
Trump's Supreme Court pick weighed in on 2 thorny issues that could be pertinent to the president,,,,,,,,,,,,,,,,,,,,,,
BANK OF AMERICA: The stock market's most important driver will be more powerful than we'd expected — and one sector towers over the rest,,,,,,,,,,,,,,,,,,,,,,
Expanding Warren Buffett’s value investing approach to the socially responsible sector,,,,,,,,,,,,,,,,,,,,,,
The cruel truth about how much money two founders will likely get after selling their startup for $465 million reveals the catch-22 of raising too much money,,,,,,,,,,,,,,,,,,,,,,
'Either it happens or TV gets decimated': Insiders are split on AT&T's chances of building an ad platform for the entire TV industry,,,,,,,,,,,,,,,,,,,,,,
Will great US earnings be good enough?,,,,,,,,,,,,,,,,,,,,,,
Australian Energy Regulator strips $2 billion in revenue off energy network companies,,,,,,,,,,,,,,,,,,,,,,
"Television executive Sam Chisholm dead, aged 78",,,,,,,,,,,,,,,,,,,,,,
2018 World Cup: Goldman Sachs' quant predictor tips Belgium to defeat England,,,,,,,,,,,,,,,,,,,,,,
Lenders blitz borrowers in cut-throat pricing battle to grab market share,,,,,,,,,,,,,,,,,,,,,,
Village Roadshow wants to put Dreamworld disaster behind it with capital raising,,,,,,,,,,,,,,,,,,,,,,
Markets Live: ASX set to advance on commodities,,,,,,,,,,,,,,,,,,,,,,
Shares help turn wage slaves into Rich Bosses,,,,,,,,,,,,,,,,,,,,,,
Honeymooning couple collide in fatal zip line accident,,,,,,,,,,,,,,,,,,,,,,
Prosecutor who reportedly suggested Maxine Waters be shot is placed on leave,,,,,,,,,,,,,,,,,,,,,,
Baby survived 9 hours buried in Montana mountains,,,,,,,,,,,,,,,,,,,,,,
U.S. effort to weaken an international breast-feeding resolution has a long history,,,,,,,,,,,,,,,,,,,,,,
IHOb No More: IHOP Says Its Burger-Rebranding Was Just a Gimmick,,,,,,,,,,,,,,,,,,,,,,
Another Crypto Fail: Hackers Steal $23.5 Million from Token Service Bancor,,,,,,,,,,,,,,,,,,,,,,
This Irish Bill Could Create Huge Problems for U.S. Companies Like Apple,,,,,,,,,,,,,,,,,,,,,,
Mobile Health Apps Get An FDA Push,,,,,,,,,,,,,,,,,,,,,,
"Babies Given Solid Foods Sooner May Sleep Better, Study Shows",,,,,,,,,,,,,,,,,,,,,,
Here’s What the World’s Biggest Investor Thinks the Markets Will Do Next,,,,,,,,,,,,,,,,,,,,,,
Trump Might Be Right About NATO—but for All the Wrong Reasons,,,,,,,,,,,,,,,,,,,,,,
Magazine | Fortune,,,,,,,,,,,,,,,,,,,,,,
Dissident's widow 'allowed to leave China',,,,,,,,,,,,,,,,,,,,,,
At least 126 dead as heavy rains hit Japan,,,,,,,,,,,,,,,,,,,,,,
'Sick' EU ivory sales a 'cover for poaching',,,,,,,,,,,,,,,,,,,,,,
Migrant toddlers face US courts alone,,,,,,,,,,,,,,,,,,,,,,
